<?xml version="1.0" encoding="UTF-8"?>
<beans xmlns="http://www.springframework.org/schema/beans"
	xmlns:context="http://www.springframework.org/schema/context"
	xmlns:util="http://www.springframework.org/schema/util" xmlns:xsi="http://www.w3.org/2001/XMLSchema-instance"
	xsi:schemaLocation="http://www.springframework.org/schema/beans
        http://www.springframework.org/schema/beans/spring-beans.xsd
        http://www.springframework.org/schema/context
        http://www.springframework.org/schema/context/spring-context.xsd
        http://www.springframework.org/schema/util
        http://www.springframework.org/schema/util/spring-util.xsd">

    <context:annotation-config />
	<context:component-scan base-package="com.eling.elcms" />
    <bean id="propertyConfigurer" class="org.springframework.beans.factory.config.PropertyPlaceholderConfigurer">
        <property name="fileEncoding" value="utf-8"/>
        <property name="locations">
            <list>
                <value>classpath:app.properties</value>
            </list>
        </property>
    </bean>

	<bean id="jdbcTemp" class="org.springframework.jdbc.core.JdbcTemplate" lazy-init="true">
		<property name="dataSource">
			<bean id="dataSource" class="com.mchange.v2.c3p0.ComboPooledDataSource">
				<property name="driverClass" value="com.mysql.jdbc.Driver" />
				<property name="jdbcUrl" value="${jdbcUrl}" />
				<property name="user" value="${jdbc.username}" />
				<property name="password" value="${jdbc.password}" />
				<property name="maxPoolSize" value="50" />
				<property name="maxIdleTime" value="1800" />
				<property name="testConnectionOnCheckout" value="false" />
				<property name="testConnectionOnCheckin" value="true" />
				<property name="idleConnectionTestPeriod" value="300" />
			</bean>
		</property>
	</bean>

</beans>